dataset_comparison_pair,model,accuracy,precision,recall,f1_score,f2_score,ROC-AUC
"(c0,c1)",logistic_regression,0.7283950617283951,0.6847826086956522,0.6798561151079137,0.6823104693140795,0.680835734870317,0.7720493875170134
"(c1,s0)",logistic_regression,0.75,0.6895424836601307,0.7589928057553957,0.7226027397260274,0.7440056417489421,0.8310519152245771
"(c1,s1)",logistic_regression,0.7314814814814815,0.6940298507462687,0.6690647482014388,0.6813186813186813,0.6739130434782609,0.8078845032082442
"(c0,c1)",random_forest,0.7330246913580247,0.6951672862453532,0.6726618705035972,0.6837294332723949,0.6770456191165822,0.7692300213882947
"(c1,s0)",random_forest,0.7314814814814815,0.7131147540983607,0.6258992805755396,0.6666666666666666,0.6415929203539823,0.8064262103830451
"(c1,s1)",random_forest,0.7237654320987654,0.7004048582995951,0.6223021582733813,0.659047619047619,0.6364974245768947,0.8029068636982306
