source,target,causal_estimate,bootstrap_freq,bootstrap_refute,placebo_refute,common_cause_refute
chr19_DMR_21,disease,-0.2710913651842362,1.0,-0.2775679484674682,0.0036226512053242,-0.2710801172778375
sex,disease,-0.0979762166233583,0.7825,-0.1014395336512766,0.0010389330381675,-0.0979543527060773
chr2_DMR_182,disease,0.0917836211326843,1.0,0.0922061071616921,0.0029448128390448,0.0918523224335671
sex,chr2_DMR_182,0.1301853414699205,1.0,0.1255166965982303,0.0030964539537525,0.1301800939681909
sex,chr17_DMR_735,-0.0415741842676311,1.0,-0.0418979064956447,0.0007058549897195,-0.0415836810071151
age,chr19_DMR_21,-0.0167699101336116,1.0,-0.0166839476620872,-6.464714031233498e-06,-0.0167718825875239
age,chr17_DMR_544,0.0128349701216934,0.99125,0.0129184858883845,4.151382954246108e-05,0.0128361891857333
age,chr2_DMR_182,0.010833499131011,1.0,0.0107698110115427,9.502725117142009e-05,0.0108345288152261
